Федеральный округ,Область,Населённый пункт,Зона влажности,Субъект РФ,,Источник: https://bim-proektstroy.ru/%D0%BE%D0%BD%D0%BB%D0%B0%D0%B9%D0%BD-%D1%81%D0%BF%D1%80%D0%B0%D0%B2%D0%BE%D1%87%D0%BD%D0%B8%D0%BA-%D0%B7%D0%BE%D0%BD-%D0%B2%D0%BB%D0%B0%D0%B6%D0%BD%D0%BE%D1%81%D1%82%D0%B8-%D0%BF%D0%BE-%D1%80%D0%B5/
Центральный,Белгородская область,Белгород,нормальная,Белгородская область,,НП Красноярского Края и Республики Саха отнесены к зонам субъектов РФ на основе широты.
Центральный,Белгородская область,Алексеевка,нормальная,Белгородская область,,
Центральный,Белгородская область,Алейниково,нормальная,Белгородская область,,
Центральный,Белгородская область,Алексеенково,нормальная,Белгородская область,,
Центральный,Белгородская область,Афанасьевка,нормальная,Белгородская область,,
Центральный,Белгородская область,Бабичев,нормальная,Белгородская область,,
Центральный,Белгородская область,Батлуков,нормальная,Белгородская область,,
Центральный,Белгородская область,Белозорово,нормальная,Белгородская область,,
Центральный,Белгородская область,Бережной,нормальная,Белгородская область,,
Центральный,Белгородская область,Берёзки,нормальная,Белгородская область,,
Центральный,Белгородская область,Березняги-Вторые,нормальная,Белгородская область,,
Центральный,Белгородская область,Ближнее Чесночное,нормальная,Белгородская область,,
Центральный,Белгородская область,Божково,нормальная,Белгородская область,,
Центральный,Белгородская область,Бубликово,нормальная,Белгородская область,,
Центральный,Белгородская область,Варваровка,нормальная,Белгородская область,,
Центральный,Белгородская область,Васильченков,нормальная,Белгородская область,,
Центральный,Белгородская область,Власов,нормальная,Белгородская область,,
Центральный,Белгородская область,Волков,нормальная,Белгородская область,,
Центральный,Белгородская область,Воробьёво,нормальная,Белгородская область,,
Центральный,Белгородская область,Гарбузово,нормальная,Белгородская область,,
Центральный,Белгородская область,Гезов,нормальная,Белгородская область,,
Центральный,Белгородская область,Геращенково,нормальная,Белгородская область,,
Центральный,Белгородская область,Глуховка,нормальная,Белгородская область,,
Центральный,Белгородская область,Голубинский,нормальная,Белгородская область,,
Центральный,Белгородская область,Городище,нормальная,Белгородская область,,
Центральный,Белгородская область,Гречаников,нормальная,Белгородская область,,
Центральный,Белгородская область,Дальнее Чесночное,нормальная,Белгородская область,,
Центральный,Белгородская область,Дудчин,нормальная,Белгородская область,,
Центральный,Белгородская область,Жуково,нормальная,Белгородская область,,
Центральный,Белгородская область,Запольное,нормальная,Белгородская область,,
Центральный,Белгородская область,Зварыкино,нормальная,Белгородская область,,
Центральный,Белгородская область,Иващенково,нормальная,Белгородская область,,
Центральный,Белгородская область,Игнатов,нормальная,Белгородская область,,
Центральный,Белгородская область,Иловка,нормальная,Белгородская область,,
Центральный,Белгородская область,Ильинка,нормальная,Белгородская область,,
Центральный,Белгородская область,Калитва,нормальная,Белгородская область,,
Центральный,Белгородская область,Камышеватое,нормальная,Белгородская область,,
Центральный,Белгородская область,Кириченков,нормальная,Белгородская область,,
Центральный,Белгородская область,Климов,нормальная,Белгородская область,,
Центральный,Белгородская область,Ковалево,нормальная,Белгородская область,,
Центральный,Белгородская область,Колтуновка,нормальная,Белгородская область,,
Центральный,Белгородская область,Копанец,нормальная,Белгородская область,,
Центральный,Белгородская область,Красное,нормальная,Белгородская область,,
Центральный,Белгородская область,Кукаречин,нормальная,Белгородская область,,
Центральный,Белгородская область,Кулешов,нормальная,Белгородская область,,
Центральный,Белгородская область,Куприянов,нормальная,Белгородская область,,
Центральный,Белгородская область,Кущино,нормальная,Белгородская область,,
Центральный,Белгородская область,Лесиковка,нормальная,Белгородская область,,
Центральный,Белгородская область,Луценково,нормальная,Белгородская область,,
Центральный,Белгородская область,Матрёно-Гезово,нормальная,Белгородская область,,
Центральный,Белгородская область,Меняйлово,нормальная,Белгородская область,,
Центральный,Белгородская область,Мухоудеровка,нормальная,Белгородская область,,
Центральный,Белгородская область,Надеждовка,нормальная,Белгородская область,,
Центральный,Белгородская область,Неменущий,нормальная,Белгородская область,,
Центральный,Белгородская область,Николаевка,нормальная,Белгородская область,,
Центральный,Белгородская область,Николаевка,нормальная,Белгородская область,,
Центральный,Белгородская область,Новосёловка,нормальная,Белгородская область,,
Центральный,Белгородская область,Орлов,нормальная,Белгородская область,,
Центральный,Белгородская область,Осадчее,нормальная,Белгородская область,,
Центральный,Белгородская область,Осьмаков,нормальная,Белгородская область,,
Центральный,Белгородская область,Папушин,нормальная,Белгородская область,,
Центральный,Белгородская область,Пирогово,нормальная,Белгородская область,,
Центральный,Белгородская область,Подсереднее,нормальная,Белгородская область,,
Центральный,Белгородская область,Покладов,нормальная,Белгородская область,,
Центральный,Белгородская область,Попов,нормальная,Белгородская область,,
Центральный,Белгородская область,Пышнограев,нормальная,Белгородская область,,
Центральный,Белгородская область,Редкодуб,нормальная,Белгородская область,,
Центральный,Белгородская область,Резников,нормальная,Белгородская область,,
Центральный,Белгородская область,Репенка,нормальная,Белгородская область,,
Центральный,Белгородская область,Рыбалкин,нормальная,Белгородская область,,
Центральный,Белгородская область,Сероштанов,нормальная,Белгородская область,,
Центральный,Белгородская область,Сидоркин,нормальная,Белгородская область,,
Центральный,Белгородская область,Славгородское,нормальная,Белгородская область,,
Центральный,Белгородская область,Советское,нормальная,Белгородская область,,
Центральный,Белгородская область,Соломахин,нормальная,Белгородская область,,
Центральный,Белгородская область,Станичное,нормальная,Белгородская область,,
Центральный,Белгородская область,Студеный Колодец,нормальная,Белгородская область,,
Центральный,Белгородская область,Сыроватский,нормальная,Белгородская область,,
Центральный,Белгородская область,Тараканов,нормальная,Белгородская область,,
Центральный,Белгородская область,Теплинка,нормальная,Белгородская область,,
Центральный,Белгородская область,Тютюниково,нормальная,Белгородская область,,
Центральный,Белгородская область,Хлевище,нормальная,Белгородская область,,
Центральный,Белгородская область,Хмызовка,нормальная,Белгородская область,,
Центральный,Белгородская область,Хрещатый,нормальная,Белгородская область,,
Центральный,Белгородская область,Черепов,нормальная,Белгородская область,,
Центральный,Белгородская область,Чупринино,нормальная,Белгородская область,,
Центральный,Белгородская область,Шапорево,нормальная,Белгородская область,,
Центральный,Белгородская область,Шапошников,нормальная,Белгородская область,,
Центральный,Белгородская область,Шелушин,нормальная,Белгородская область,,
Центральный,Белгородская область,Шкуропатов,нормальная,Белгородская область,,
Центральный,Белгородская область,Щербаково,нормальная,Белгородская область,,
Центральный,Брянская область,Белые Берега,нормальная,Брянская область,,
Центральный,Брянская область,Брянск,нормальная,Брянская область,,
Центральный,Брянская область,Большое Полпино,нормальная,Брянская область,,
Центральный,Брянская область,Радица-Крыловка,нормальная,Брянская область,,
Центральный,Брянская область,Ардонь,нормальная,Брянская область,,
Центральный,Брянская область,Займище,нормальная,Брянская область,,
Центральный,Брянская область,Клинцы,нормальная,Брянская область,,
Центральный,Брянская область,Новозыбков,нормальная,Брянская область,,
Центральный,Брянская область,Сельцо,нормальная,Брянская область,,
Центральный,Брянская область,Александровское,нормальная,Брянская область,,
Центральный,Брянская область,Брасово,нормальная,Брянская область,,
Центральный,Брянская область,Буда,нормальная,Брянская область,,
Центральный,Брянская область,Веребск,нормальная,Брянская область,,
Центральный,Брянская область,Верхнее,нормальная,Брянская область,,
Центральный,Брянская область,Весёлый Кут,нормальная,Брянская область,,
Центральный,Брянская область,Ветряк,нормальная,Брянская область,,
Центральный,Брянская область,Воронов Лог,нормальная,Брянская область,,
Центральный,Брянская область,Глоднево,нормальная,Брянская область,,
Центральный,Брянская область,Добрик,нормальная,Брянская область,,
Центральный,Брянская область,Дубровка,нормальная,Брянская область,,
Центральный,Брянская область,Калошичье,нормальная,Брянская область,,
Центральный,Брянская область,Клинское,нормальная,Брянская область,,
Центральный,Брянская область,Коллективист,нормальная,Брянская область,,
Центральный,Брянская область,Коммуна «Пчела»,нормальная,Брянская область,,
Центральный,Брянская область,Коммунар,нормальная,Брянская область,,
Центральный,Брянская область,Красное Поле,нормальная,Брянская область,,
Центральный,Брянская область,Красный Колодец,нормальная,Брянская область,,
Центральный,Брянская область,Кретово,нормальная,Брянская область,,
Центральный,Брянская область,Кропотово,нормальная,Брянская область,,
Центральный,Брянская область,Летча,нормальная,Брянская область,,
Центральный,Брянская область,Локоть,нормальная,Брянская область,,
Центральный,Брянская область,Майский Жук,нормальная,Брянская область,,
Центральный,Брянская область,Нижнее Городище,нормальная,Брянская область,,
Центральный,Брянская область,Николаевский,нормальная,Брянская область,,
Центральный,Брянская область,Новый Добрик,нормальная,Брянская область,,
Центральный,Брянская область,Пахарь,нормальная,Брянская область,,
Центральный,Брянская область,Пожар,нормальная,Брянская область,,
Центральный,Брянская область,Репье,нормальная,Брянская область,,
Центральный,Брянская область,Столбово,нормальная,Брянская область,,
Центральный,Брянская область,Суслова,нормальная,Брянская область,,
Центральный,Брянская область,Телятниково,нормальная,Брянская область,,
Центральный,Брянская область,Троицконикольский,нормальная,Брянская область,,
Центральный,Брянская область,Турищево,нормальная,Брянская область,,
Центральный,Брянская область,Фоменок,нормальная,Брянская область,,
Центральный,Брянская область,Холмецкий Хутор,нормальная,Брянская область,,
Центральный,Брянская область,Хотеева,нормальная,Брянская область,,
Центральный,Брянская область,Чаянка,нормальная,Брянская область,,
Центральный,Брянская область,Чистополянский,нормальная,Брянская область,,
Центральный,Брянская область,Бежань,нормальная,Брянская область,,
Центральный,Брянская область,Большая Дубрава,нормальная,Брянская область,,
Центральный,Брянская область,Большевик,нормальная,Брянская область,,
Центральный,Брянская область,Верный Путь,нормальная,Брянская область,,
Центральный,Брянская область,Весёлый,нормальная,Брянская область,,
Центральный,Брянская область,Глинищево,нормальная,Брянская область,,
Центральный,Брянская область,Госома,нормальная,Брянская область,,
Центральный,Брянская область,Дарковичи,нормальная,Брянская область,,
Центральный,Брянская область,Домашово,нормальная,Брянская область,,
Центральный,Брянская область,Дорожово,нормальная,Брянская область,,
Центральный,Брянская область,Елисеевичи,нормальная,Брянская область,,
Центральный,Брянская область,Журиничи,нормальная,Брянская область,,
Центральный,Брянская область,Зайцев Двор,нормальная,Брянская область,,
Центральный,Брянская область,Ивановка,нормальная,Брянская область,,
Центральный,Брянская область,Кабаличи,нормальная,Брянская область,,
Центральный,Брянская область,Козёлкино,нормальная,Брянская область,,
Центральный,Владимирская область,Владимир,нормальная,Владимирская область,,
Центральный,Владимирская область,Гусь-Хрустальный,нормальная,Владимирская область,,
Центральный,Владимирская область,Ковров,нормальная,Владимирская область,,
Центральный,Владимирская область,Муром,нормальная,Владимирская область,,
Центральный,Владимирская область,Александров,нормальная,Владимирская область,,
Центральный,Владимирская область,Балакирево,нормальная,Владимирская область,,
Центральный,Владимирская область,Карабаново,нормальная,Владимирская область,,
Центральный,Владимирская область,Струнино,нормальная,Владимирская область,,
Центральный,Владимирская область,Вязники,нормальная,Владимирская область,,
Центральный,Владимирская область,Мстёра,нормальная,Владимирская область,,
Центральный,Владимирская область,Никологоры,нормальная,Владимирская область,,
Центральный,Владимирская область,Гороховец,нормальная,Владимирская область,,
Центральный,Владимирская область,Курлово,нормальная,Владимирская область,,
Центральный,Владимирская область,Камешково,нормальная,Владимирская область,,
Центральный,Владимирская область,Киржач,нормальная,Владимирская область,,
Центральный,Владимирская область,Мелехово,нормальная,Владимирская область,,
Центральный,Владимирская область,Кольчугино,нормальная,Владимирская область,,
Центральный,Владимирская область,Меленки,нормальная,Владимирская область,,
Центральный,Владимирская область,Вольгинский,нормальная,Владимирская область,,
Центральный,Владимирская область,Городищи,нормальная,Владимирская область,,
Центральный,Владимирская область,Костерёво,нормальная,Владимирская область,,
Центральный,Владимирская область,Петушки,нормальная,Владимирская область,,
Центральный,Владимирская область,Покров,нормальная,Владимирская область,,
Центральный,Владимирская область,Красная Горбатка,нормальная,Владимирская область,,
Центральный,Владимирская область,Лакинск,нормальная,Владимирская область,,
Центральный,Владимирская область,Собинка,нормальная,Владимирская область,,
Центральный,Владимирская область,Ставрово,нормальная,Владимирская область,,
Центральный,Владимирская область,Судогда,нормальная,Владимирская область,,
Центральный,Владимирская область,Суздаль,нормальная,Владимирская область,,
Центральный,Владимирская область,Юрьев-Польский,нормальная,Владимирская область,,
Центральный,Воронежская область,Воронеж,нормальная,Воронежская область,,
Центральный,Воронежская область,Борисоглебск,нормальная,Воронежская область,,
Центральный,Воронежская область,Нововоронеж,нормальная,Воронежская область,,
Центральный,Воронежская область,Анна,нормальная,Воронежская область,,
Центральный,Воронежская область,Бобров,нормальная,Воронежская область,,
Центральный,Воронежская область,Богучар,нормальная,Воронежская область,,
Центральный,Воронежская область,Бутурлиновка,нормальная,Воронежская область,,
Центральный,Воронежская область,Нижний Кисляй,нормальная,Воронежская область,,
Центральный,Воронежская область,Грибановский,нормальная,Воронежская область,,
Центральный,Воронежская область,Калач,нормальная,Воронежская область,,
Центральный,Воронежская область,Каменка,нормальная,Воронежская область,,
Центральный,Воронежская область,Кантемировка,нормальная,Воронежская область,,
Центральный,Воронежская область,Давыдовка,нормальная,Воронежская область,,
Центральный,Воронежская область,Лиски,нормальная,Воронежская область,,
Центральный,Воронежская область,Елань-Коленовский,нормальная,Воронежская область,,
Центральный,Воронежская область,Новохопёрск,нормальная,Воронежская область,,
Центральный,Воронежская область,Новохопёрский,нормальная,Воронежская область,,
Центральный,Воронежская область,Ольховатка,нормальная,Воронежская область,,
Центральный,Воронежская область,Острогожск,нормальная,Воронежская область,,
Центральный,Воронежская область,Павловск,нормальная,Воронежская область,,
Центральный,Воронежская область,Панино,нормальная,Воронежская область,,
Центральный,Воронежская область,Перелёшинский,нормальная,Воронежская область,,
Центральный,Воронежская область,Поворино,нормальная,Воронежская область,,
Центральный,Воронежская область,Подгоренский,нормальная,Воронежская область,,
Центральный,Воронежская область,Рамонь,нормальная,Воронежская область,,
Центральный,Воронежская область,Россошь,нормальная,Воронежская область,,
Центральный,Воронежская область,Семилуки,нормальная,Воронежская область,,
Центральный,Воронежская область,Стрелица,нормальная,Воронежская область,,
Центральный,Воронежская область,Таловая,нормальная,Воронежская область,,
Центральный,Воронежская область,Хохольский,нормальная,Воронежская область,,
Центральный,Воронежская область,Эртиль,нормальная,Воронежская область,,
Центральный,г. Москва,Москва,нормальная,г. Москва,,
Центральный,Ивановская область,Иваново,нормальная,Ивановская область,,
Центральный,Ивановская область,Вичуга,нормальная,Ивановская область,,
Центральный,Ивановская область,Кинешма,нормальная,Ивановская область,,
Центральный,Ивановская область,Тейково,нормальная,Ивановская область,,
Центральный,Ивановская область,Фурманов,нормальная,Ивановская область,,
Центральный,Ивановская область,Шуя,нормальная,Ивановская область,,
Центральный,Калужская область,Калуга,нормальная,Калужская область,,
Центральный,Калужская область,Обнинск,нормальная,Калужская область,,
Центральный,Костромская область,Кострома,нормальная,Костромская область,,
Центральный,Костромская область,Буй,нормальная,Костромская область,,
Центральный,Костромская область,Волгореченск,нормальная,Костромская область,,
Центральный,Костромская область,Галич,нормальная,Костромская область,,
Центральный,Костромская область,Мантурово,нормальная,Костромская область,,
Центральный,Костромская область,Нерехта,нормальная,Костромская область,,
Центральный,Костромская область,Нея,нормальная,Костромская область,,
Центральный,Костромская область,Шарья,нормальная,Костромская область,,
Центральный,Костромская область,Ветлужский,нормальная,Костромская область,,
Центральный,Липецкая область,Липецк,нормальная,Липецкая область,,
Центральный,Липецкая область,Елец,нормальная,Липецкая область,,
Центральный,Липецкая область,Волово,нормальная,Липецкая область,,
Центральный,Липецкая область,Грязи,нормальная,Липецкая область,,
Центральный,Липецкая область,Данков,нормальная,Липецкая область,,
Центральный,Липецкая область,Задонск,нормальная,Липецкая область,,
Центральный,Липецкая область,Лебедянь,нормальная,Липецкая область,,
Центральный,Липецкая область,Усмань,нормальная,Липецкая область,,
Центральный,Курская область,Курск,нормальная,Курская область,,
Центральный,Курская область,Железногорск,нормальная,Курская область,,
Центральный,Курская область,Курчатов,нормальная,Курская область,,
Центральный,Курская область,Льгов,нормальная,Курская область,,
Центральный,Курская область,Щигры,нормальная,Курская область,,
Центральный,Московская область,Бронницы,нормальная,Московская область,,
Центральный,Московская область,Дзержинский,нормальная,Московская область,,
Центральный,Московская область,Долгопрудный,нормальная,Московская область,,
Центральный,Московская область,Дубна,нормальная,Московская область,,
Центральный,Московская область,Жуковский,нормальная,Московская область,,
Центральный,Московская область,Королёв,нормальная,Московская область,,
Центральный,Московская область,Мытищи,нормальная,Московская область,,
Центральный,Московская область,Котельники,нормальная,Московская область,,
Центральный,Московская область,Люберцы,нормальная,Московская область,,
Центральный,Московская область,Балашиха,нормальная,Московская область,,
Центральный,Московская область,Электросталь,нормальная,Московская область,,
Центральный,Московская область,Лобня,нормальная,Московская область,,
Центральный,Московская область,Лыткарино,нормальная,Московская область,,
Центральный,Московская область,Протвино,нормальная,Московская область,,
Центральный,Московская область,Пущино,нормальная,Московская область,,
Центральный,Московская область,Пушкино,нормальная,Московская область,,
Центральный,Московская область,Реутов,нормальная,Московская область,,
Центральный,Московская область,Ногинск,нормальная,Московская область,,
Центральный,Московская область,Химки,нормальная,Московская область,,
Центральный,Московская область,Электрогорск,нормальная,Московская область,,
Центральный,Московская область,Электроугли,нормальная,Московская область,,
Центральный,Московская область,Красногорск,нормальная,Московская область,,
Центральный,Московская область,Краснознаменск,нормальная,Московская область,,
Центральный,Московская область,Красноармейск,нормальная,Московская область,,
Центральный,Московская область,Фрязино,нормальная,Московская область,,
Центральный,Московская область,Фрязево,нормальная,Московская область,,
Центральный,Московская область,Юбилейный,нормальная,Московская область,,
Центральный,Московская область,Наро-Фоминск,нормальная,Московская область,,
Центральный,Московская область,Истра,нормальная,Московская область,,
Центральный,Московская область,Воскресенск,нормальная,Московская область,,
Центральный,Московская область,Верея,нормальная,Московская область,,
Центральный,Московская область,Видное,нормальная,Московская область,,
Центральный,Московская область,Волоколамск,нормальная,Московская область,,
Центральный,Московская область,Клин,нормальная,Московская область,,
Центральный,Московская область,Одинцово,нормальная,Московская область,,
Центральный,Московская область,Дзержинский,нормальная,Московская область,,
Центральный,Московская область,Дмитров,нормальная,Московская область,,
Центральный,Московская область,Домодедово,нормальная,Московская область,,
Центральный,Московская область,Егорьевск,нормальная,Московская область,,
Центральный,Московская область,Зарайск,нормальная,Московская область,,
Центральный,Московская область,Звенигород,нормальная,Московская область,,
Центральный,Московская область,Кашира,нормальная,Московская область,,
Центральный,Московская область,Коломна,нормальная,Московская область,,
Центральный,Московская область,Кубинка,нормальная,Московская область,,
Центральный,Московская область,Куровское,нормальная,Московская область,,
Центральный,Московская область,Ликино-Дулёво,нормальная,Московская область,,
Центральный,Московская область,Лобня,нормальная,Московская область,,
Центральный,Московская область,Лосино-Петровский,нормальная,Московская область,,
Центральный,Московская область,Луховицы,нормальная,Московская область,,
Центральный,Московская область,Озёры,нормальная,Московская область,,
Центральный,Московская область,Павловский Посад,нормальная,Московская область,,
Центральный,Московская область,Пересвет,нормальная,Московская область,,
Центральный,Московская область,Подольск,нормальная,Московская область,,
Центральный,Московская область,Протвино,нормальная,Московская область,,
Центральный,Московская область,Шатура,нормальная,Московская область,,
Центральный,Московская область,Рошаль,нормальная,Московская область,,
Центральный,Московская область,Руза,нормальная,Московская область,,
Центральный,Московская область,Сергиев Посад,нормальная,Московская область,,
Центральный,Московская область,Серпухов,нормальная,Московская область,,
Центральный,Московская область,Солнечногорск,нормальная,Московская область,,
Центральный,Московская область,Старая Купавна,нормальная,Московская область,,
Центральный,Московская область,Ступино,нормальная,Московская область,,
Центральный,Московская область,Хотьково,нормальная,Московская область,,
Центральный,Московская область,Черноголовка,нормальная,Московская область,,
Центральный,Московская область,Чехов,нормальная,Московская область,,
Центральный,Московская область,Щёлково,нормальная,Московская область,,
Центральный,Московская область,Яхрома,нормальная,Московская область,,
Центральный,Рязанская область,Касимов,нормальная,Рязанская область,,
Центральный,Рязанская область,Кораблино,нормальная,Рязанская область,,
Центральный,Рязанская область,Михайлов,нормальная,Рязанская область,,
Центральный,Рязанская область,Новомичуринск,нормальная,Рязанская область,,
Центральный,Рязанская область,Рыбное,нормальная,Рязанская область,,
Центральный,Рязанская область,Ряжск,нормальная,Рязанская область,,
Центральный,Рязанская область,Рязань,нормальная,Рязанская область,,
Центральный,Рязанская область,Сасово,нормальная,Рязанская область,,
Центральный,Рязанская область,Скопин,нормальная,Рязанская область,,
Центральный,Рязанская область,Спас-Клепики,нормальная,Рязанская область,,
Центральный,Рязанская область,Спасск-Рязанский,нормальная,Рязанская область,,
Центральный,Рязанская область,Шацк,нормальная,Рязанская область,,
Центральный,Смоленская область,Велиж,нормальная,Смоленская область,,
Центральный,Смоленская область,Вязьма,нормальная,Смоленская область,,
Центральный,Смоленская область,Гагарин,нормальная,Смоленская область,,
Центральный,Смоленская область,Демидов,нормальная,Смоленская область,,
Центральный,Смоленская область,Десногорск,нормальная,Смоленская область,,
Центральный,Смоленская область,Дорогобуж,нормальная,Смоленская область,,
Центральный,Смоленская область,Духовщина,нормальная,Смоленская область,,
Центральный,Смоленская область,Ельня,нормальная,Смоленская область,,
Центральный,Смоленская область,Починок,нормальная,Смоленская область,,
Центральный,Смоленская область,Рославль,нормальная,Смоленская область,,
Центральный,Смоленская область,Рудня,нормальная,Смоленская область,,
Центральный,Смоленская область,Сафоново,нормальная,Смоленская область,,
Центральный,Смоленская область,Смоленск,нормальная,Смоленская область,,
Центральный,Смоленская область,Сычёвка,нормальная,Смоленская область,,
Центральный,Смоленская область,Ярцево,нормальная,Смоленская область,,
Центральный,Ярославская область,Гаврилов-Ям,нормальная,Ярославская область,,
Центральный,Ярославская область,Данилов,нормальная,Ярославская область,,
Центральный,Ярославская область,Любим,нормальная,Ярославская область,,
Центральный,Ярославская область,Мышкин,нормальная,Ярославская область,,
Центральный,Ярославская область,Переславль-Залесский,нормальная,Ярославская область,,
Центральный,Ярославская область,Пошехонье,нормальная,Ярославская область,,
Центральный,Ярославская область,Ростов,нормальная,Ярославская область,,
Центральный,Ярославская область,Рыбинск,нормальная,Ярославская область,,
Центральный,Ярославская область,Тутаев,нормальная,Ярославская область,,
Центральный,Ярославская область,Углич,нормальная,Ярославская область,,
Центральный,Ярославская область,Ярославль,нормальная,Ярославская область,,
Центральный,Орловская область,Болхов,нормальная,Орловская область,,
Центральный,Орловская область,Дмитровск,нормальная,Орловская область,,
Центральный,Орловская область,Ливны,нормальная,Орловская область,,
Центральный,Орловская область,Малоархангельск,нормальная,Орловская область,,
Центральный,Орловская область,Мценск,нормальная,Орловская область,,
Центральный,Орловская область,Новосиль,нормальная,Орловская область,,
Центральный,Орловская область,Орёл,нормальная,Орловская область,,
Центральный,Тамбовская область,Кирсанов,нормальная,Тамбовская область,,
Центральный,Тамбовская область,Котовск,нормальная,Тамбовская область,,
Центральный,Тамбовская область,Мичуринск,нормальная,Тамбовская область,,
Центральный,Тамбовская область,Моршанск,нормальная,Тамбовская область,,
Центральный,Тамбовская область,Рассказово,нормальная,Тамбовская область,,
Центральный,Тамбовская область,Жердевка,нормальная,Тамбовская область,,
Центральный,Тамбовская область,Тамбов,нормальная,Тамбовская область,,
Центральный,Тамбовская область,Уварово,нормальная,Тамбовская область,,
Сибирский,Алтайский край,Алейск,сухая,Алтайский край,,
Сибирский,Алтайский край,Барнаул,сухая,Алтайский край,,
Сибирский,Алтайский край,Белокуриха,сухая,Алтайский край,,
Сибирский,Алтайский край,Бийск,сухая,Алтайский край,,
Сибирский,Алтайский край,Горняк,сухая,Алтайский край,,
Сибирский,Алтайский край,Заринск,сухая,Алтайский край,,
Сибирский,Алтайский край,Змеиногорск,сухая,Алтайский край,,
Сибирский,Алтайский край,Камень-на-Оби,сухая,Алтайский край,,
Сибирский,Алтайский край,Новоалтайск,сухая,Алтайский край,,
Сибирский,Алтайский край,Рубцовск,сухая,Алтайский край,,
Сибирский,Алтайский край,Славгород,сухая,Алтайский край,,
Сибирский,Алтайский край,Яровое,сухая,Алтайский край,,
Сибирский,Республика Алтай,Горно-Алтайск,сухая,Республика Алтай,,
Сибирский,Забайкальский край,Балей,сухая,Забайкальский край,,
Сибирский,Забайкальский край,Борзя,сухая,Забайкальский край,,
Сибирский,Забайкальский край,Краснокаменск,сухая,Забайкальский край,,
Сибирский,Забайкальский край,Могоча,сухая,Забайкальский край,,
Сибирский,Забайкальский край,Нерчинск,сухая,Забайкальский край,,
Сибирский,Забайкальский край,Петровск-Забайкальский,сухая,Забайкальский край,,
Сибирский,Забайкальский край,Сретенск,сухая,Забайкальский край,,
Сибирский,Забайкальский край,Хилок,сухая,Забайкальский край,,
Сибирский,Забайкальский край,Чита,сухая,Забайкальский край,,
Сибирский,Забайкальский край,Шилка,сухая,Забайкальский край,,
Сибирский,Иркутская область,Алзамай,сухая,Иркутская область,,
Сибирский,Иркутская область,Ангарск,сухая,Иркутская область,,
Сибирский,Иркутская область,Байкальск,сухая,Иркутская область,,
Сибирский,Иркутская область,Бирюсинск,сухая,Иркутская область,,
Сибирский,Иркутская область,Бодайбо,сухая,Иркутская область,,
Сибирский,Иркутская область,Братск,сухая,Иркутская область,,
Сибирский,Иркутская область,Вихоревка,сухая,Иркутская область,,
Сибирский,Иркутская область,Железногорск-Илимский,сухая,Иркутская область,,
Сибирский,Иркутская область,Зима,сухая,Иркутская область,,
Сибирский,Иркутская область,Иркутск,сухая,Иркутская область,,
Сибирский,Иркутская область,Киренск,сухая,Иркутская область,,
Сибирский,Иркутская область,Нижнеудинск,сухая,Иркутская область,,
Сибирский,Иркутская область,Саянск,сухая,Иркутская область,,
Сибирский,Иркутская область,Свирск,сухая,Иркутская область,,
Сибирский,Иркутская область,Слюдянка,сухая,Иркутская область,,
Сибирский,Иркутская область,Тайшет,сухая,Иркутская область,,
Сибирский,Иркутская область,Тулун,сухая,Иркутская область,,
Сибирский,Иркутская область,Усолье-Сибирское,сухая,Иркутская область,,
Сибирский,Иркутская область,Усть-Илимск,сухая,Иркутская область,,
Сибирский,Иркутская область,Усть-Кут,сухая,Иркутская область,,
Сибирский,Иркутская область,Черемхово,сухая,Иркутская область,,
Сибирский,Иркутская область,Шелехов,сухая,Иркутская область,,
Сибирский,Кемеровская область - Кузбасс,Анжеро-Судженск,сухая,Кемеровская область,,
Сибирский,Кемеровская область - Кузбасс,Белово,сухая,Кемеровская область,,
Сибирский,Кемеровская область - Кузбасс,Берёзовский,сухая,Кемеровская область,,
Сибирский,Кемеровская область - Кузбасс,Гурьевск,сухая,Кемеровская область,,
Сибирский,Кемеровская область - Кузбасс,Калтан,сухая,Кемеровская область,,
Сибирский,Кемеровская область - Кузбасс,Кемерово,сухая,Кемеровская область,,
Сибирский,Кемеровская область - Кузбасс,Киселёвск,сухая,Кемеровская область,,
Сибирский,Кемеровская область - Кузбасс,Ленинск-Кузнецкий,сухая,Кемеровская область,,
Сибирский,Кемеровская область - Кузбасс,Мариинск,сухая,Кемеровская область,,
Сибирский,Кемеровская область - Кузбасс,Междуреченск,сухая,Кемеровская область,,
Сибирский,Кемеровская область - Кузбасс,Мыски,сухая,Кемеровская область,,
Сибирский,Кемеровская область - Кузбасс,Новокузнецк,сухая,Кемеровская область,,
Сибирский,Кемеровская область - Кузбасс,Осинники,сухая,Кемеровская область,,
Сибирский,Кемеровская область - Кузбасс,Полысаево,сухая,Кемеровская область,,
Сибирский,Кемеровская область - Кузбасс,Прокопьевск,сухая,Кемеровская область,,
Сибирский,Кемеровская область - Кузбасс,Салаир,сухая,Кемеровская область,,
Сибирский,Кемеровская область - Кузбасс,Тайга,сухая,Кемеровская область,,
Сибирский,Кемеровская область - Кузбасс,Таштагол,сухая,Кемеровская область,,
Сибирский,Кемеровская область - Кузбасс,Топки,сухая,Кемеровская область,,
Сибирский,Кемеровская область - Кузбасс,Юрга,сухая,Кемеровская область,,
Сибирский,Красноярский край,Артёмовск,сухая,Красноярский край (зона 1 - Красноярск),,
Сибирский,Красноярский край,Ачинск,сухая,Красноярский край (зона 1 - Красноярск),,
Сибирский,Красноярский край,Боготол,сухая,Красноярский край (зона 1 - Красноярск),,
Сибирский,Красноярский край,Бородино,сухая,Красноярский край (зона 1 - Красноярск),,
Сибирский,Красноярский край,Дивногорск,сухая,Красноярский край (зона 1 - Красноярск),,
Сибирский,Красноярский край,Дудинка,сухая,Красноярский край (зона 3 - Норильск),,
Сибирский,Красноярский край,Енисейск,сухая,Красноярский край (зона 1 - Красноярск),,
Сибирский,Красноярский край,Железногорск,сухая,Красноярский край (зона 1 - Красноярск),,
Сибирский,Красноярский край,Заозёрный,сухая,Красноярский край (зона 1 - Красноярск),,
Сибирский,Красноярский край,Зеленогорск,сухая,Красноярский край (зона 1 - Красноярск),,
Сибирский,Красноярский край,Игарка,сухая,Красноярский край (зона 3 - Норильск),,
Сибирский,Красноярский край,Иланский,сухая,Красноярский край (зона 1 - Красноярск),,
Сибирский,Красноярский край,Канск,сухая,Красноярский край (зона 1 - Красноярск),,
Сибирский,Красноярский край,Кодинск,сухая,Красноярский край (зона 1 - Красноярск),,
Сибирский,Красноярский край,Красноярск,сухая,Красноярский край (зона 1 - Красноярск),,
Сибирский,Красноярский край,Лесосибирск,сухая,Красноярский край (зона 1 - Красноярск),,
Сибирский,Красноярский край,Минусинск,сухая,Красноярский край (зона 1 - Красноярск),,
Сибирский,Красноярский край,Назарово,сухая,Красноярский край (зона 1 - Красноярск),,
Сибирский,Красноярский край,Норильск,сухая,Красноярский край (зона 3 - Норильск),,
Сибирский,Красноярский край,Сосновоборск,сухая,Красноярский край (зона 1 - Красноярск),,
Сибирский,Красноярский край,Ужур,сухая,Красноярский край (зона 1 - Красноярск),,
Сибирский,Красноярский край,Уяр,сухая,Красноярский край (зона 1 - Красноярск),,
Сибирский,Красноярский край,Шарыпово,сухая,Красноярский край (зона 1 - Красноярск),,
Сибирский,Новосибирская область,Барабинск,сухая,Новосибирская область,,
Сибирский,Новосибирская область,Бердск,сухая,Новосибирская область,,
Сибирский,Новосибирская область,Болотное,сухая,Новосибирская область,,
Сибирский,Новосибирская область,Искитим,сухая,Новосибирская область,,
Сибирский,Новосибирская область,Карасук,сухая,Новосибирская область,,
Сибирский,Новосибирская область,Каргат,сухая,Новосибирская область,,
Сибирский,Новосибирская область,Куйбышев,сухая,Новосибирская область,,
Сибирский,Новосибирская область,Купино,сухая,Новосибирская область,,
Сибирский,Новосибирская область,Новосибирск,сухая,Новосибирская область,,
Сибирский,Новосибирская область,Обь,сухая,Новосибирская область,,
Сибирский,Новосибирская область,Татарск,сухая,Новосибирская область,,
Сибирский,Новосибирская область,Тогучин,сухая,Новосибирская область,,
Сибирский,Новосибирская область,Черепаново,сухая,Новосибирская область,,
Сибирский,Новосибирская область,Чулым,сухая,Новосибирская область,,
Сибирский,Омская область,Исилькуль,сухая,Омская область,,
Сибирский,Омская область,Калачинск,сухая,Омская область,,
Сибирский,Омская область,Называевск,сухая,Омская область,,
Сибирский,Омская область,Омск,сухая,Омская область,,
Сибирский,Омская область,Тара,сухая,Омская область,,
Сибирский,Омская область,Тюкалинск,сухая,Омская область,,
Сибирский,Республика Бурятия,Бабушкин,сухая,Республика Бурятия,,
Сибирский,Республика Бурятия,Гусиноозёрск,сухая,Республика Бурятия,,
Сибирский,Республика Бурятия,Закаменск,сухая,Республика Бурятия,,
Сибирский,Республика Бурятия,Кяхта,сухая,Республика Бурятия,,
Сибирский,Республика Бурятия,Северобайкальск,сухая,Республика Бурятия,,
Сибирский,Республика Бурятия,Улан-Удэ,сухая,Республика Бурятия,,
Сибирский,Республика Тыва,Кызыл,сухая,Республика Тыва,,
Сибирский,Республика Тыва,Ак-Довурак,сухая,Республика Тыва,,
Сибирский,Республика Тыва,Шагонар,сухая,Республика Тыва,,
Сибирский,Республика Тыва,Чадан,сухая,Республика Тыва,,
Сибирский,Республика Тыва,Туран,сухая,Республика Тыва,,
Сибирский,Республика Тыва,Каа-Хем,сухая,Республика Тыва,,
Сибирский,Республика Хакасия,Абаза,сухая,Республика Хакасия,,
Сибирский,Республика Хакасия,Абакан,сухая,Республика Хакасия,,
Сибирский,Республика Хакасия,Саяногорск,сухая,Республика Хакасия,,
Сибирский,Республика Хакасия,Сорск,сухая,Республика Хакасия,,
Сибирский,Республика Хакасия,Черногорск,сухая,Республика Хакасия,,
Сибирский,Томская область,Томск,сухая,Томская область,,
Сибирский,Томская область,Асино,сухая,Томская область,,
Сибирский,Томская область,Кедровый,сухая,Томская область,,
Сибирский,Томская область,Колпашево,сухая,Томская область,,
Сибирский,Томская область,Северск,сухая,Томская область,,
Сибирский,Томская область,Стрежевой,сухая,Томская область,,
Сибирский,Томская область,Белый Яр,сухая,Томская область,,
Центральный,Тульская область,Алексин,нормальная,Тульская область,,
Центральный,Тульская область,Белёв,нормальная,Тульская область,,
Центральный,Тульская область,Богородицк,нормальная,Тульская область,,
Центральный,Тульская область,Болохово,нормальная,Тульская область,,
Центральный,Тульская область,Венёв,нормальная,Тульская область,,
Центральный,Тульская область,Донской,нормальная,Тульская область,,
Центральный,Тульская область,Ефремов,нормальная,Тульская область,,
Центральный,Тульская область,Кимовск,нормальная,Тульская область,,
Центральный,Тульская область,Киреевск,нормальная,Тульская область,,
Центральный,Тульская область,Липки,нормальная,Тульская область,,
Центральный,Тульская область,Новомосковск,нормальная,Тульская область,,
Центральный,Тульская область,Плавск,нормальная,Тульская область,,
Центральный,Тульская область,Советск,нормальная,Тульская область,,
Центральный,Тульская область,Суворов,нормальная,Тульская область,,
Центральный,Тульская область,Тула,нормальная,Тульская область,,
Центральный,Тульская область,Узловая,нормальная,Тульская область,,
Центральный,Тульская область,Чекалин,нормальная,Тульская область,,
Центральный,Тульская область,Щёкино,нормальная,Тульская область,,
Центральный,Тульская область,Ясногорск,нормальная,Тульская область,,
Дальневосточный,Амурская область,Белогорск,нормальная,Амурская область,,
Дальневосточный,Амурская область,Благовещенск,нормальная,Амурская область,,
Дальневосточный,Амурская область,Завитинск,нормальная,Амурская область,,
Дальневосточный,Амурская область,Зея,нормальная,Амурская область,,
Дальневосточный,Амурская область,Райчихинск,нормальная,Амурская область,,
Дальневосточный,Амурская область,Свободный,нормальная,Амурская область,,
Дальневосточный,Амурская область,Сковородино,нормальная,Амурская область,,
Дальневосточный,Амурская область,Тында,нормальная,Амурская область,,
Дальневосточный,Амурская область,Циолковский,нормальная,Амурская область,,
Дальневосточный,Амурская область,Шимановск,нормальная,Амурская область,,
Дальневосточный,Еврейская автономная область,Биробиджан,нормальная,Еврейская автономная область,,
Дальневосточный,Еврейская автономная область,Облучье,нормальная,Еврейская автономная область,,
Дальневосточный,Магаданская область,Магадан,нормальная,Магаданская область,,
Дальневосточный,Магаданская область,Сусуман,нормальная,Магаданская область,,
Дальневосточный,Камчатский край,Вилючинск,нормальная,Камчатский край,,
Дальневосточный,Камчатский край,Елизово,нормальная,Камчатский край,,
Дальневосточный,Камчатский край (Петропавловск Камчатский),Петропавловск-Камчатский,влажная,Камчатский край,,
Дальневосточный,Приморский край,Арсеньев,влажная,Приморский край,,
Дальневосточный,Приморский край,Артём,влажная,Приморский край,,
Дальневосточный,Приморский край,Большой Камень,влажная,Приморский край,,
Дальневосточный,Приморский край,Владивосток,влажная,Приморский край,,
Дальневосточный,Приморский край,Дальнегорск,влажная,Приморский край,,
Дальневосточный,Приморский край,Дальнереченск,влажная,Приморский край,,
Дальневосточный,Приморский край,Лесозаводск,влажная,Приморский край,,
Дальневосточный,Приморский край,Находка,влажная,Приморский край,,
Дальневосточный,Приморский край,Партизанск,влажная,Приморский край,,
Дальневосточный,Приморский край,Спасск-Дальний,влажная,Приморский край,,
Дальневосточный,Приморский край,Уссурийск,влажная,Приморский край,,
Дальневосточный,Приморский край,Фокино,влажная,Приморский край,,
Дальневосточный,Республика Саха (Якутия),Алдан,сухая,Республика Саха (Якутия) (зона 1 - Якутск),,
Дальневосточный,Республика Саха (Якутия),Верхоянск,сухая,Республика Саха (Якутия) (зона 2 - Жиганск),,
Дальневосточный,Республика Саха (Якутия),Вилюйск,сухая,Республика Саха (Якутия) (зона 1 - Якутск),,
Дальневосточный,Республика Саха (Якутия),Ленск,сухая,Республика Саха (Якутия) (зона 1 - Якутск),,
Дальневосточный,Республика Саха (Якутия),Мирный,сухая,Республика Саха (Якутия) (зона 1 - Якутск),,
Дальневосточный,Республика Саха (Якутия),Нерюнгри,сухая,Республика Саха (Якутия) (зона 1 - Якутск),,
Дальневосточный,Республика Саха (Якутия),Нюрба,сухая,Республика Саха (Якутия) (зона 1 - Якутск),,
Дальневосточный,Республика Саха (Якутия),Олёкминск,сухая,Республика Саха (Якутия) (зона 1 - Якутск),,
Дальневосточный,Республика Саха (Якутия),Покровск,сухая,Республика Саха (Якутия) (зона 1 - Якутск),,
Дальневосточный,Республика Саха (Якутия),Среднеколымск,сухая,Республика Саха (Якутия) (зона 2 - Жиганск),,
Дальневосточный,Республика Саха (Якутия),Томмот,сухая,Республика Саха (Якутия) (зона 1 - Якутск),,
Дальневосточный,Республика Саха (Якутия),Удачный,сухая,Республика Саха (Якутия) (зона 2 - Жиганск),,
Дальневосточный,Республика Саха (Якутия),Якутск,сухая,Республика Саха (Якутия) (зона 1 - Якутск),,
Дальневосточный,Сахалинская область,Александровск-Сахалинский,влажная,Сахалинская область,,
Дальневосточный,Сахалинская область,Анива,влажная,Сахалинская область,,
Дальневосточный,Сахалинская область,Долинск,влажная,Сахалинская область,,
Дальневосточный,Сахалинская область,Корсаков,влажная,Сахалинская область,,
Дальневосточный,Сахалинская область,Курильск,влажная,Сахалинская область,,
Дальневосточный,Сахалинская область,Макаров,влажная,Сахалинская область,,
Дальневосточный,Сахалинская область,Невельск,влажная,Сахалинская область,,
Дальневосточный,Сахалинская область,Оха,влажная,Сахалинская область,,
Дальневосточный,Сахалинская область,Поронайск,влажная,Сахалинская область,,
Дальневосточный,Сахалинская область,Северо-Курильск,влажная,Сахалинская область,,
Дальневосточный,Сахалинская область,Томари,влажная,Сахалинская область,,
Дальневосточный,Сахалинская область,Углегорск,влажная,Сахалинская область,,
Дальневосточный,Сахалинская область,Холмск,влажная,Сахалинская область,,
Дальневосточный,Сахалинская область,Южно-Сахалинск,влажная,Сахалинская область,,
Дальневосточный,Хабаровский край,Хабаровск,нормальная,Хабаровский край,,
Дальневосточный,Хабаровский край,Амурск,нормальная,Хабаровский край,,
Дальневосточный,Хабаровский край,Бикин,нормальная,Хабаровский край,,
Дальневосточный,Хабаровский край,Комсомольск-на-Амуре,нормальная,Хабаровский край,,
Дальневосточный,Хабаровский край,Николаевск-на-Амуре,нормальная,Хабаровский край,,
Дальневосточный,Хабаровский край,Советская Гавань,нормальная,Хабаровский край,,
Дальневосточный,Чукотский автономный округ,Анадырь,нормальная,Чукотский автономный округ,,
Дальневосточный,Чукотский автономный округ,Билибино,нормальная,Чукотский автономный округ,,
Дальневосточный,Чукотский автономный округ,Певек,нормальная,Чукотский автономный округ,,
Северо-Западный,Архангельская область,Архангельск,влажная,Архангельская область,,
Северо-Западный,Архангельская область,Вельск,влажная,Архангельская область,,
Северо-Западный,Архангельская область,Каргополь,влажная,Архангельская область,,
Северо-Западный,Архангельская область,Коряжма,влажная,Архангельская область,,
Северо-Западный,Архангельская область,Котлас,влажная,Архангельская область,,
Северо-Западный,Архангельская область,Мезень,влажная,Архангельская область,,
Северо-Западный,Архангельская область,Мирный,влажная,Архангельская область,,
Северо-Западный,Архангельская область,Новодвинск,влажная,Архангельская область,,
Северо-Западный,Архангельская область,Няндома,влажная,Архангельская область,,
Северо-Западный,Архангельская область,Онега,влажная,Архангельская область,,
Северо-Западный,Архангельская область,Северодвинск,влажная,Архангельская область,,
Северо-Западный,Архангельская область,Сольвычегодск,влажная,Архангельская область,,
Северо-Западный,Архангельская область,Шенкурск,влажная,Архангельская область,,
Северо-Западный,Вологодская область,Бабаево,нормальная,Вологодская область,,
Северо-Западный,Вологодская область,Белозерск,нормальная,Вологодская область,,
Северо-Западный,Вологодская область,Великий Устюг,нормальная,Вологодская область,,
Северо-Западный,Вологодская область,Вологда,нормальная,Вологодская область,,
Северо-Западный,Вологодская область,Вытегра,нормальная,Вологодская область,,
Северо-Западный,Вологодская область,Грязовец,нормальная,Вологодская область,,
Северо-Западный,Вологодская область,Кадников,нормальная,Вологодская область,,
Северо-Западный,Вологодская область,Кириллов,нормальная,Вологодская область,,
Северо-Западный,Вологодская область,Красавино,нормальная,Вологодская область,,
Северо-Западный,Вологодская область,Никольск,нормальная,Вологодская область,,
Северо-Западный,Вологодская область,Сокол,нормальная,Вологодская область,,
Северо-Западный,Вологодская область,Тотьма,нормальная,Вологодская область,,
Северо-Западный,Вологодская область,Устюжна,нормальная,Вологодская область,,
Северо-Западный,Вологодская область,Харовск,нормальная,Вологодская область,,
Северо-Западный,Вологодская область,Череповец,нормальная,Вологодская область,,
Северо-Западный,Калининградская область,Багратионовск,влажная,Калининградская область,,
Северо-Западный,Калининградская область,Балтийск,влажная,Калининградская область,,
Северо-Западный,Калининградская область,Гвардейск,влажная,Калининградская область,,
Северо-Западный,Калининградская область,Гурьевск,влажная,Калининградская область,,
Северо-Западный,Калининградская область,Гусев,влажная,Калининградская область,,
Северо-Западный,Калининградская область,Зеленоградск,влажная,Калининградская область,,
Северо-Западный,Калининградская область,Калининград,влажная,Калининградская область,,
Северо-Западный,Калининградская область,Краснознаменск,влажная,Калининградская область,,
Северо-Западный,Калининградская область,Ладушкин,влажная,Калининградская область,,
Северо-Западный,Калининградская область,Мамоново,влажная,Калининградская область,,
Северо-Западный,Калининградская область,Неман,влажная,Калининградская область,,
Северо-Западный,Калининградская область,Нестеров,влажная,Калининградская область,,
Северо-Западный,Калининградская область,Озёрск,влажная,Калининградская область,,
Северо-Западный,Калининградская область,Пионерский,влажная,Калининградская область,,
Северо-Западный,Калининградская область,Полесск,влажная,Калининградская область,,
Северо-Западный,Калининградская область,Правдинск,влажная,Калининградская область,,
Северо-Западный,Калининградская область,Приморск,влажная,Калининградская область,,
Северо-Западный,Калининградская область,Светлогорск,влажная,Калининградская область,,
Северо-Западный,Калининградская область,Светлый,влажная,Калининградская область,,
Северо-Западный,Калининградская область,Славск,влажная,Калининградская область,,
Северо-Западный,Калининградская область,Советск,влажная,Калининградская область,,
Северо-Западный,Калининградская область,Черняховск,влажная,Калининградская область,,
Северо-Западный,Ленинградская область,Бокситогорск,влажная,Ленинградская область,,
Северо-Западный,Ленинградская область,Волосово,влажная,Ленинградская область,,
Северо-Западный,Ленинградская область,Волхов,влажная,Ленинградская область,,
Северо-Западный,Ленинградская область,Всеволожск,влажная,Ленинградская область,,
Северо-Западный,Ленинградская область,Выборг,влажная,Ленинградская область,,
Северо-Западный,Ленинградская область,Высоцк,влажная,Ленинградская область,,
Северо-Западный,Ленинградская область,Гатчина,влажная,Ленинградская область,,
Северо-Западный,Ленинградская область,Ивангород,влажная,Ленинградская область,,
Северо-Западный,Ленинградская область,Каменногорск,влажная,Ленинградская область,,
Северо-Западный,Ленинградская область,Кингисепп,влажная,Ленинградская область,,
Северо-Западный,Ленинградская область,Кириши,влажная,Ленинградская область,,
Северо-Западный,Ленинградская область,Кировск,влажная,Ленинградская область,,
Северо-Западный,Ленинградская область,Коммунар,влажная,Ленинградская область,,
Северо-Западный,Ленинградская область,Кудрово,влажная,Ленинградская область,,
Северо-Западный,Ленинградская область,Лодейное Поле,влажная,Ленинградская область,,
Северо-Западный,Ленинградская область,Луга,влажная,Ленинградская область,,
Северо-Западный,Ленинградская область,Любань,влажная,Ленинградская область,,
Северо-Западный,Ленинградская область,Мурино,влажная,Ленинградская область,,
Северо-Западный,Ленинградская область,Никольское,влажная,Ленинградская область,,
Северо-Западный,Ленинградская область,Новая Ладога,влажная,Ленинградская область,,
Северо-Западный,Ленинградская область,Отрадное,влажная,Ленинградская область,,
Северо-Западный,Ленинградская область,Пикалёво,влажная,Ленинградская область,,
Северо-Западный,Ленинградская область,Подпорожье,влажная,Ленинградская область,,
Северо-Западный,Ленинградская область,Приморск,влажная,Ленинградская область,,
Северо-Западный,Ленинградская область,Приозерск,влажная,Ленинградская область,,
Северо-Западный,Ленинградская область,Светогорск,влажная,Ленинградская область,,
Северо-Западный,Ленинградская область,Сертолово,влажная,Ленинградская область,,
Северо-Западный,Ленинградская область,Сланцы,влажная,Ленинградская область,,
Северо-Западный,Ленинградская область,Сосновый Бор,влажная,Ленинградская область,,
Северо-Западный,Ленинградская область,Сясьстрой,влажная,Ленинградская область,,
Северо-Западный,Ленинградская область,Тихвин,влажная,Ленинградская область,,
Северо-Западный,Ленинградская область,Тосно,влажная,Ленинградская область,,
Северо-Западный,Ленинградская область,Шлиссельбург,влажная,Ленинградская область,,
Северо-Западный,Мурманская область,Апатиты,влажная,Мурманская область,,
Северо-Западный,Мурманская область,Гаджиево,влажная,Мурманская область,,
Северо-Западный,Мурманская область,Заозёрск,влажная,Мурманская область,,
Северо-Западный,Мурманская область,Заполярный,влажная,Мурманская область,,
Северо-Западный,Мурманская область,Кандалакша,влажная,Мурманская область,,
Северо-Западный,Мурманская область,Кировск,влажная,Мурманская область,,
Северо-Западный,Мурманская область,Ковдор,влажная,Мурманская область,,
Северо-Западный,Мурманская область,Кола,влажная,Мурманская область,,
Северо-Западный,Мурманская область,Мончегорск,влажная,Мурманская область,,
Северо-Западный,Мурманская область,Мурманск,влажная,Мурманская область,,
Северо-Западный,Мурманская область,Оленегорск,влажная,Мурманская область,,
Северо-Западный,Мурманская область,Островной,влажная,Мурманская область,,
Северо-Западный,Мурманская область,Полярные Зори,влажная,Мурманская область,,
Северо-Западный,Мурманская область,Полярный,влажная,Мурманская область,,
Северо-Западный,Мурманская область,Североморск,влажная,Мурманская область,,
Северо-Западный,Мурманская область,Снежногорск,влажная,Мурманская область,,
Северо-Западный,Ненецкий автономный округ,Нарьян-Мар,нормальная,Ненецкий автономный округ,,
Северо-Западный,Новгородская область,Боровичи,нормальная,Новгородская область,,
Северо-Западный,Новгородская область,Валдай,нормальная,Новгородская область,,
Северо-Западный,Новгородская область,Великий Новгород,нормальная,Новгородская область,,
Северо-Западный,Новгородская область,Малая Вишера,нормальная,Новгородская область,,
Северо-Западный,Новгородская область,Окуловка,нормальная,Новгородская область,,
Северо-Западный,Новгородская область,Пестово,нормальная,Новгородская область,,
Северо-Западный,Новгородская область,Сольцы,нормальная,Новгородская область,,
Северо-Западный,Новгородская область,Старая Русса,нормальная,Новгородская область,,
Северо-Западный,Новгородская область,Холм,нормальная,Новгородская область,,
Северо-Западный,Новгородская область,Чудово,нормальная,Новгородская область,,
Северо-Западный,Псковская область,Великие Луки,нормальная,Псковская область,,
Северо-Западный,Псковская область,Гдов,нормальная,Псковская область,,
Северо-Западный,Псковская область,Дно,нормальная,Псковская область,,
Северо-Западный,Псковская область,Невель,нормальная,Псковская область,,
Северо-Западный,Псковская область,Новоржев,нормальная,Псковская область,,
Северо-Западный,Псковская область,Новосокольники,нормальная,Псковская область,,
Северо-Западный,Псковская область,Опочка,нормальная,Псковская область,,
Северо-Западный,Псковская область,Остров,нормальная,Псковская область,,
Северо-Западный,Псковская область,Печоры,нормальная,Псковская область,,
Северо-Западный,Псковская область,Порхов,нормальная,Псковская область,,
Северо-Западный,Псковская область,Псков,нормальная,Псковская область,,
Северо-Западный,Псковская область,Пустошка,нормальная,Псковская область,,
Северо-Западный,Псковская область,Пыталово,нормальная,Псковская область,,
Северо-Западный,Псковская область,Себеж,нормальная,Псковская область,,
Северо-Западный,Республика Карелия,Беломорск,влажная,Республика Карелия,,
Северо-Западный,Республика Карелия,Кемь,влажная,Республика Карелия,,
Северо-Западный,Республика Карелия,Кондопога,влажная,Республика Карелия,,
Северо-Западный,Республика Карелия,Костомукша,влажная,Республика Карелия,,
Северо-Западный,Республика Карелия,Лахденпохья,влажная,Республика Карелия,,
Северо-Западный,Республика Карелия,Медвежьегорск,влажная,Республика Карелия,,
Северо-Западный,Республика Карелия,Олонец,влажная,Республика Карелия,,
Северо-Западный,Республика Карелия,Петрозаводск,влажная,Республика Карелия,,
Северо-Западный,Республика Карелия,Питкяранта,влажная,Республика Карелия,,
Северо-Западный,Республика Карелия,Пудож,влажная,Республика Карелия,,
Северо-Западный,Республика Карелия,Сегежа,влажная,Республика Карелия,,
Северо-Западный,Республика Карелия,Сортавала,влажная,Республика Карелия,,
Северо-Западный,Республика Карелия,Суоярви,влажная,Республика Карелия,,
Северо-Западный,Республика Коми,Воркута,нормальная,Республика Коми,,
Северо-Западный,Республика Коми,Вуктыл,нормальная,Республика Коми,,
Северо-Западный,Республика Коми,Емва,нормальная,Республика Коми,,
Северо-Западный,Республика Коми,Инта,нормальная,Республика Коми,,
Северо-Западный,Республика Коми,Микунь,нормальная,Республика Коми,,
Северо-Западный,Республика Коми,Печора,нормальная,Республика Коми,,
Северо-Западный,Республика Коми,Сосногорск,нормальная,Республика Коми,,
Северо-Западный,Республика Коми,Сыктывкар,нормальная,Республика Коми,,
Северо-Западный,Республика Коми,Усинск,нормальная,Республика Коми,,
Северо-Западный,Республика Коми,Ухта,нормальная,Республика Коми,,
Северо-Западный,Санкт-Петербург,Санкт-Петербург,влажная,г. Санкт-Петербург,,
Северо-Кавказский,Кабардино-Балкария,Баксан,нормальная,Кабардино-Балкарская Республика,,
Северо-Кавказский,Кабардино-Балкария,Майский,нормальная,Кабардино-Балкарская Республика,,
Северо-Кавказский,Кабардино-Балкария,Нальчик,нормальная,Кабардино-Балкарская Республика,,
Северо-Кавказский,Кабардино-Балкария,Нарткала,нормальная,Кабардино-Балкарская Республика,,
Северо-Кавказский,Кабардино-Балкария,Прохладный,нормальная,Кабардино-Балкарская Республика,,
Северо-Кавказский,Кабардино-Балкария,Терек,нормальная,Кабардино-Балкарская Республика,,
Северо-Кавказский,Кабардино-Балкария,Тырныауз,нормальная,Кабардино-Балкарская Республика,,
Северо-Кавказский,Кабардино-Балкария,Чегем,нормальная,Кабардино-Балкарская Республика,,
Северо-Кавказский,Карачаево-Черкесия,Карачаевск,нормальная,Карачаево-Черкесская Республика,,
Северо-Кавказский,Карачаево-Черкесия,Теберда,нормальная,Карачаево-Черкесская Республика,,
Северо-Кавказский,Карачаево-Черкесия,Усть-Джегута,нормальная,Карачаево-Черкесская Республика,,
Северо-Кавказский,Карачаево-Черкесия,Черкесск,нормальная,Карачаево-Черкесская Республика,,
Северо-Кавказский,Республика Дагестан,Буйнакск,нормальная,Республика Дагестан,,
Северо-Кавказский,Республика Дагестан,Дагестанские Огни,нормальная,Республика Дагестан,,
Северо-Кавказский,Республика Дагестан,Дербент,нормальная,Республика Дагестан,,
Северо-Кавказский,Республика Дагестан,Избербаш,нормальная,Республика Дагестан,,
Северо-Кавказский,Республика Дагестан,Каспийск,нормальная,Республика Дагестан,,
Северо-Кавказский,Республика Дагестан,Кизилюрт,нормальная,Республика Дагестан,,
Северо-Кавказский,Республика Дагестан,Кизляр,нормальная,Республика Дагестан,,
Северо-Кавказский,Республика Дагестан,Махачкала,нормальная,Республика Дагестан,,
Северо-Кавказский,Республика Дагестан,Хасавюрт,нормальная,Республика Дагестан,,
Северо-Кавказский,Республика Дагестан,Южно-Сухокумск,нормальная,Республика Дагестан,,
Северо-Кавказский,Республика Ингушетия,Карабулак,нормальная,Республика Ингушетия,,
Северо-Кавказский,Республика Ингушетия,Магас,нормальная,Республика Ингушетия,,
Северо-Кавказский,Республика Ингушетия,Малгобек,нормальная,Республика Ингушетия,,
Северо-Кавказский,Республика Ингушетия,Назрань,нормальная,Республика Ингушетия,,
Северо-Кавказский,Республика Ингушетия,Сунжа,нормальная,Республика Ингушетия,,
Северо-Кавказский,Республика Северная Осетия - Алания,Алагир,нормальная,Республика Северная Осетия - Алания,,
Северо-Кавказский,Республика Северная Осетия - Алания,Ардон,нормальная,Республика Северная Осетия - Алания,,
Северо-Кавказский,Республика Северная Осетия - Алания,Беслан,нормальная,Республика Северная Осетия - Алания,,
Северо-Кавказский,Республика Северная Осетия - Алания,Владикавказ,нормальная,Республика Северная Осетия - Алания,,
Северо-Кавказский,Республика Северная Осетия - Алания,Дигора,нормальная,Республика Северная Осетия - Алания,,
Северо-Кавказский,Республика Северная Осетия - Алания,Заводской,нормальная,Республика Северная Осетия - Алания,,
Северо-Кавказский,Республика Северная Осетия - Алания,Моздок,нормальная,Республика Северная Осетия - Алания,,
Северо-Кавказский,Ставропольский край,Благодарный,нормальная,Ставропольский край,,
Северо-Кавказский,Ставропольский край,Будённовск,нормальная,Ставропольский край,,
Северо-Кавказский,Ставропольский край,Георгиевск,нормальная,Ставропольский край,,
Северо-Кавказский,Ставропольский край,Ессентуки,нормальная,Ставропольский край,,
Северо-Кавказский,Ставропольский край,Железноводск,нормальная,Ставропольский край,,
Северо-Кавказский,Ставропольский край,Зеленокумск,нормальная,Ставропольский край,,
Северо-Кавказский,Ставропольский край,Изобильный,нормальная,Ставропольский край,,
Северо-Кавказский,Ставропольский край,Ипатово,нормальная,Ставропольский край,,
Северо-Кавказский,Ставропольский край,Кисловодск,нормальная,Ставропольский край,,
Северо-Кавказский,Ставропольский край,Лермонтов,нормальная,Ставропольский край,,
Северо-Кавказский,Ставропольский край,Минеральные Воды,нормальная,Ставропольский край,,
Северо-Кавказский,Ставропольский край,Михайловск,нормальная,Ставропольский край,,
Северо-Кавказский,Ставропольский край,Невинномысск,нормальная,Ставропольский край,,
Северо-Кавказский,Ставропольский край,Нефтекумск,нормальная,Ставропольский край,,
Северо-Кавказский,Ставропольский край,Новоалександровск,нормальная,Ставропольский край,,
Северо-Кавказский,Ставропольский край,Новопавловск,нормальная,Ставропольский край,,
Северо-Кавказский,Ставропольский край,Пятигорск,нормальная,Ставропольский край,,
Северо-Кавказский,Ставропольский край,Светлоград,нормальная,Ставропольский край,,
Северо-Кавказский,Ставропольский край,Ставрополь,нормальная,Ставропольский край,,
Северо-Кавказский,Чеченская Республика,Аргун,нормальная,Чеченская Республика,,
Северо-Кавказский,Чеченская Республика,Грозный,нормальная,Чеченская Республика,,
Северо-Кавказский,Чеченская Республика,Гудермес,нормальная,Чеченская Республика,,
Северо-Кавказский,Чеченская Республика,Курчалой,нормальная,Чеченская Республика,,
Северо-Кавказский,Чеченская Республика,Урус-Мартан,нормальная,Чеченская Республика,,
Северо-Кавказский,Чеченская Республика,Шали,нормальная,Чеченская Республика,,
Южный,Астраханская область,Астрахань,влажная,Астраханская область,,
Южный,Астраханская область,Ахтубинск,влажная,Астраханская область,,
Южный,Астраханская область,Знаменск,влажная,Астраханская область,,
Южный,Астраханская область,Камызяк,влажная,Астраханская область,,
Южный,Астраханская область,Нариманов,влажная,Астраханская область,,
Южный,Астраханская область,Харабали,влажная,Астраханская область,,
Южный,Волгоградская область,Волгоград,влажная,Волгоградская область,,
Южный,Волгоградская область,Волжский,влажная,Волгоградская область,,
Южный,Волгоградская область,Дубовка,влажная,Волгоградская область,,
Южный,Волгоградская область,Жирновск,влажная,Волгоградская область,,
Южный,Волгоградская область,Калач-на-Дону,влажная,Волгоградская область,,
Южный,Волгоградская область,Камышин,влажная,Волгоградская область,,
Южный,Волгоградская область,Котельниково,влажная,Волгоградская область,,
Южный,Волгоградская область,Котово,влажная,Волгоградская область,,
Южный,Волгоградская область,Краснослободск,влажная,Волгоградская область,,
Южный,Волгоградская область,Ленинск,влажная,Волгоградская область,,
Южный,Волгоградская область,Михайловка,влажная,Волгоградская область,,
Южный,Волгоградская область,Николаевск,влажная,Волгоградская область,,
Южный,Волгоградская область,Новоаннинский,влажная,Волгоградская область,,
Южный,Волгоградская область,Палласовка,влажная,Волгоградская область,,
Южный,Волгоградская область,Петров Вал,влажная,Волгоградская область,,
Южный,Волгоградская область,Серафимович,влажная,Волгоградская область,,
Южный,Волгоградская область,Суровикино,влажная,Волгоградская область,,
Южный,Волгоградская область,Урюпинск,влажная,Волгоградская область,,
Южный,Волгоградская область,Фролово,влажная,Волгоградская область,,
Южный,Краснодарский край,Абинск,влажная,Краснодарский край,,
Южный,Краснодарский край,Анапа,влажная,Краснодарский край,,
Южный,Краснодарский край,Апшеронск,влажная,Краснодарский край,,
Южный,Краснодарский край,Армавир,влажная,Краснодарский край,,
Южный,Краснодарский край,Белореченск,влажная,Краснодарский край,,
Южный,Краснодарский край,Геленджик,влажная,Краснодарский край,,
Южный,Краснодарский край,Горячий Ключ,влажная,Краснодарский край,,
Южный,Краснодарский край,Гулькевичи,влажная,Краснодарский край,,
Южный,Краснодарский край,Ейск,влажная,Краснодарский край,,
Южный,Краснодарский край,Кореновск,влажная,Краснодарский край,,
Южный,Краснодарский край,Краснодар,влажная,Краснодарский край,,
Южный,Краснодарский край,Кропоткин,влажная,Краснодарский край,,
Южный,Краснодарский край,Крымск,влажная,Краснодарский край,,
Южный,Краснодарский край,Курганинск,влажная,Краснодарский край,,
Южный,Краснодарский край,Лабинск,влажная,Краснодарский край,,
Южный,Краснодарский край,Новокубанск,влажная,Краснодарский край,,
Южный,Краснодарский край,Новороссийск,влажная,Краснодарский край,,
Южный,Краснодарский край,Приморско-Ахтарск,влажная,Краснодарский край,,
Южный,Краснодарский край,Славянск-на-Кубани,влажная,Краснодарский край,,
Южный,Краснодарский край,Сочи,влажная,Краснодарский край,,
Южный,Краснодарский край,Темрюк,влажная,Краснодарский край,,
Южный,Краснодарский край,Тимашёвск,влажная,Краснодарский край,,
Южный,Краснодарский край,Тихорецк,влажная,Краснодарский край,,
Южный,Краснодарский край,Туапсе,влажная,Краснодарский край,,
Южный,Краснодарский край,Усть-Лабинск,влажная,Краснодарский край,,
Южный,Краснодарский край,Хадыженск,влажная,Краснодарский край,,
Южный,Республика Адыгея,Адыгейск,влажная,Республика Адыгея (Адыгея),,
Южный,Республика Адыгея,Майкоп,влажная,Республика Адыгея (Адыгея),,
Южный,Республика Калмыкия,Городовиковск,нормальная,Республика Калмыкия,,
Южный,Республика Калмыкия,Лагань,нормальная,Республика Калмыкия,,
Южный,Республика Калмыкия,Элиста,нормальная,Республика Калмыкия,,
Южный,Ростовская область,Азов,сухая,Ростовская область,,
Южный,Ростовская область,Аксай,сухая,Ростовская область,,
Южный,Ростовская область,Батайск,сухая,Ростовская область,,
Южный,Ростовская область,Белая Калитва,сухая,Ростовская область,,
Южный,Ростовская область,Волгодонск,сухая,Ростовская область,,
Южный,Ростовская область,Гуково,сухая,Ростовская область,,
Южный,Ростовская область,Донецк,сухая,Ростовская область,,
Южный,Ростовская область,Зверево,сухая,Ростовская область,,
Южный,Ростовская область,Зерноград,сухая,Ростовская область,,
Южный,Ростовская область,Каменск-Шахтинский,сухая,Ростовская область,,
Южный,Ростовская область,Константиновск,сухая,Ростовская область,,
Южный,Ростовская область,Миллерово,сухая,Ростовская область,,
Южный,Ростовская область,Морозовск,сухая,Ростовская область,,
Южный,Ростовская область,Новочеркасск,сухая,Ростовская область,,
Южный,Ростовская область,Новошахтинск,сухая,Ростовская область,,
Южный,Ростовская область,Пролетарск,сухая,Ростовская область,,
Южный,Ростовская область,Ростов-на-Дону,сухая,Ростовская область,,
Южный,Ростовская область,Сальск,сухая,Ростовская область,,
Южный,Ростовская область,Семикаракорск,сухая,Ростовская область,,
Южный,Ростовская область,Красный Сулин,сухая,Ростовская область,,
Южный,Ростовская область,Таганрог,сухая,Ростовская область,,
Южный,Ростовская область,Цимлянск,сухая,Ростовская область,,
Южный,Ростовская область,Шахты,сухая,Ростовская область,,
Приволжский,Кировская область,Белая Холуница,нормальная,Кировская область,,
Приволжский,Кировская область,Вятские Поляны,нормальная,Кировская область,,
Приволжский,Кировская область,Зуевка,нормальная,Кировская область,,
Приволжский,Кировская область,Киров,нормальная,Кировская область,,
Приволжский,Кировская область,Кирово-Чепецк,нормальная,Кировская область,,
Приволжский,Кировская область,Кирс,нормальная,Кировская область,,
Приволжский,Кировская область,Котельнич,нормальная,Кировская область,,
Приволжский,Кировская область,Луза,нормальная,Кировская область,,
Приволжский,Кировская область,Малмыж,нормальная,Кировская область,,
Приволжский,Кировская область,Мураши,нормальная,Кировская область,,
Приволжский,Кировская область,Нолинск,нормальная,Кировская область,,
Приволжский,Кировская область,Омутнинск,нормальная,Кировская область,,
Приволжский,Кировская область,Орлов,нормальная,Кировская область,,
Приволжский,Кировская область,Слободской,нормальная,Кировская область,,
Приволжский,Кировская область,Советск,нормальная,Кировская область,,
Приволжский,Кировская область,Сосновка,нормальная,Кировская область,,
Приволжский,Кировская область,Уржум,нормальная,Кировская область,,
Приволжский,Кировская область,Яранск,нормальная,Кировская область,,
Приволжский,Нижегородская область,Арзамас,сухая,Нижегородская область,,
Приволжский,Нижегородская область,Балахна,сухая,Нижегородская область,,
Приволжский,Нижегородская область,Богородск,сухая,Нижегородская область,,
Приволжский,Нижегородская область,Бор,сухая,Нижегородская область,,
Приволжский,Нижегородская область,Ветлуга,сухая,Нижегородская область,,
Приволжский,Нижегородская область,Володарск,сухая,Нижегородская область,,
Приволжский,Нижегородская область,Ворсма,сухая,Нижегородская область,,
Приволжский,Нижегородская область,Выкса,сухая,Нижегородская область,,
Приволжский,Нижегородская область,Горбатов,сухая,Нижегородская область,,
Приволжский,Нижегородская область,Городец,сухая,Нижегородская область,,
Приволжский,Нижегородская область,Дзержинск,сухая,Нижегородская область,,
Приволжский,Нижегородская область,Заволжье,сухая,Нижегородская область,,
Приволжский,Нижегородская область,Княгинино,сухая,Нижегородская область,,
Приволжский,Нижегородская область,Кстово,сухая,Нижегородская область,,
Приволжский,Нижегородская область,Кулебаки,сухая,Нижегородская область,,
Приволжский,Нижегородская область,Лукоянов,сухая,Нижегородская область,,
Приволжский,Нижегородская область,Лысково,сухая,Нижегородская область,,
Приволжский,Нижегородская область,Навашино,сухая,Нижегородская область,,
Приволжский,Нижегородская область,Нижний Новгород,сухая,Нижегородская область,,
Приволжский,Нижегородская область,Павлово,сухая,Нижегородская область,,
Приволжский,Нижегородская область,Первомайск,сухая,Нижегородская область,,
Приволжский,Нижегородская область,Перевоз,сухая,Нижегородская область,,
Приволжский,Нижегородская область,Саров,сухая,Нижегородская область,,
Приволжский,Нижегородская область,Семёнов,сухая,Нижегородская область,,
Приволжский,Нижегородская область,Сергач,сухая,Нижегородская область,,
Приволжский,Нижегородская область,Урень,сухая,Нижегородская область,,
Приволжский,Нижегородская область,Чкаловск,сухая,Нижегородская область,,
Приволжский,Нижегородская область,Шахунья,сухая,Нижегородская область,,
Приволжский,Оренбургская область,Абдулино,сухая,Оренбургская область,,
Приволжский,Оренбургская область,Бугуруслан,сухая,Оренбургская область,,
Приволжский,Оренбургская область,Бузулук,сухая,Оренбургская область,,
Приволжский,Оренбургская область,Гай,сухая,Оренбургская область,,
Приволжский,Оренбургская область,Кувандык,сухая,Оренбургская область,,
Приволжский,Оренбургская область,Медногорск,сухая,Оренбургская область,,
Приволжский,Оренбургская область,Новотроицк,сухая,Оренбургская область,,
Приволжский,Оренбургская область,Оренбург,сухая,Оренбургская область,,
Приволжский,Оренбургская область,Орск,сухая,Оренбургская область,,
Приволжский,Оренбургская область,Соль-Илецк,сухая,Оренбургская область,,
Приволжский,Оренбургская область,Сорочинск,сухая,Оренбургская область,,
Приволжский,Оренбургская область,Ясный,сухая,Оренбургская область,,
Приволжский,Пензенская область,Белинский,сухая,Пензенская область,,
Приволжский,Пензенская область,Городище,сухая,Пензенская область,,
Приволжский,Пензенская область,Заречный,сухая,Пензенская область,,
Приволжский,Пензенская область,Каменка,сухая,Пензенская область,,
Приволжский,Пензенская область,Кузнецк,сухая,Пензенская область,,
Приволжский,Пензенская область,Нижний Ломов,сухая,Пензенская область,,
Приволжский,Пензенская область,Никольск,сухая,Пензенская область,,
Приволжский,Пензенская область,Пенза,сухая,Пензенская область,,
Приволжский,Пензенская область,Сердобск,сухая,Пензенская область,,
Приволжский,Пензенская область,Спасск,сухая,Пензенская область,,
Приволжский,Пензенская область,Сурск,сухая,Пензенская область,,
Приволжский,Пермский край,Александровск,сухая,Пермский край,,
Приволжский,Пермский край,Березники,сухая,Пермский край,,
Приволжский,Пермский край,Верещагино,сухая,Пермский край,,
Приволжский,Пермский край,Горнозаводск,сухая,Пермский край,,
Приволжский,Пермский край,Гремячинск,сухая,Пермский край,,
Приволжский,Пермский край,Губаха,сухая,Пермский край,,
Приволжский,Пермский край,Добрянка,сухая,Пермский край,,
Приволжский,Пермский край,Кизел,сухая,Пермский край,,
Приволжский,Пермский край,Красновишерск,сухая,Пермский край,,
Приволжский,Пермский край,Краснокамск,сухая,Пермский край,,
Приволжский,Пермский край,Кудымкар,сухая,Пермский край,,
Приволжский,Пермский край,Кунгур,сухая,Пермский край,,
Приволжский,Пермский край,Лысьва,сухая,Пермский край,,
Приволжский,Пермский край,Нытва,сухая,Пермский край,,
Приволжский,Пермский край,Оса,сухая,Пермский край,,
Приволжский,Пермский край,Оханск,сухая,Пермский край,,
Приволжский,Пермский край,Очёр,сухая,Пермский край,,
Приволжский,Пермский край,Пермь,сухая,Пермский край,,
Приволжский,Пермский край,Соликамск,сухая,Пермский край,,
Приволжский,Пермский край,Усолье,сухая,Пермский край,,
Приволжский,Пермский край,Чайковский,сухая,Пермский край,,
Приволжский,Пермский край,Чердынь,сухая,Пермский край,,
Приволжский,Пермский край,Чёрмоз,сухая,Пермский край,,
Приволжский,Пермский край,Чернушка,сухая,Пермский край,,
Приволжский,Пермский край,Чусовой,сухая,Пермский край,,
Приволжский,Республика Башкортостан,Агидель,сухая,Республика Башкортостан,,
Приволжский,Республика Башкортостан,Баймак,сухая,Республика Башкортостан,,
Приволжский,Республика Башкортостан,Белебей,сухая,Республика Башкортостан,,
Приволжский,Республика Башкортостан,Белорецк,сухая,Республика Башкортостан,,
Приволжский,Республика Башкортостан,Бирск,сухая,Республика Башкортостан,,
Приволжский,Республика Башкортостан,Благовещенск,сухая,Республика Башкортостан,,
Приволжский,Республика Башкортостан,Давлеканово,сухая,Республика Башкортостан,,
Приволжский,Республика Башкортостан,Дюртюли,сухая,Республика Башкортостан,,
Приволжский,Республика Башкортостан,Ишимбай,сухая,Республика Башкортостан,,
Приволжский,Республика Башкортостан,Кумертау,сухая,Республика Башкортостан,,
Приволжский,Республика Башкортостан,Межгорье,сухая,Республика Башкортостан,,
Приволжский,Республика Башкортостан,Мелеуз,сухая,Республика Башкортостан,,
Приволжский,Республика Башкортостан,Нефтекамск,сухая,Республика Башкортостан,,
Приволжский,Республика Башкортостан,Октябрьский,сухая,Республика Башкортостан,,
Приволжский,Республика Башкортостан,Приютово,сухая,Республика Башкортостан,,
Приволжский,Республика Башкортостан,Салават,сухая,Республика Башкортостан,,
Приволжский,Республика Башкортостан,Сибай,сухая,Республика Башкортостан,,
Приволжский,Республика Башкортостан,Стерлитамак,сухая,Республика Башкортостан,,
Приволжский,Республика Башкортостан,Туймазы,сухая,Республика Башкортостан,,
Приволжский,Республика Башкортостан,Уфа,сухая,Республика Башкортостан,,
Приволжский,Республика Башкортостан,Учалы,сухая,Республика Башкортостан,,
Приволжский,Республика Башкортостан,Чишмы,сухая,Республика Башкортостан,,
Приволжский,Республика Башкортостан,Янаул,сухая,Республика Башкортостан,,
Приволжский,Республика Марий Эл,Акшубино,сухая,Республика Марий Эл,,
Приволжский,Республика Марий Эл,Апшакбеляк,сухая,Республика Марий Эл,,
Приволжский,Республика Марий Эл,Данилово,сухая,Республика Марий Эл,,
Приволжский,Республика Марий Эл,Йошкар-Ола,сухая,Республика Марий Эл,,
Приволжский,Республика Марий Эл,Игнатьево,сухая,Республика Марий Эл,,
Приволжский,Республика Марий Эл,Кельмаково,сухая,Республика Марий Эл,,
Приволжский,Республика Марий Эл,Нолька,сухая,Республика Марий Эл,,
Приволжский,Республика Марий Эл,Савино,сухая,Республика Марий Эл,,
Приволжский,Республика Марий Эл,Семёновка,сухая,Республика Марий Эл,,
Приволжский,Республика Марий Эл,Шоя-Кузнецово,сухая,Республика Марий Эл,,
Приволжский,Республика Марий Эл,Якимово,сухая,Республика Марий Эл,,
Приволжский,Республика Мордовия,Ардатов,сухая,Республика Мордовия,,
Приволжский,Республика Мордовия,Инсар,сухая,Республика Мордовия,,
Приволжский,Республика Мордовия,Ковылкино,сухая,Республика Мордовия,,
Приволжский,Республика Мордовия,Краснослободск,сухая,Республика Мордовия,,
Приволжский,Республика Мордовия,Рузаевка,сухая,Республика Мордовия,,
Приволжский,Республика Мордовия,Саранск,сухая,Республика Мордовия,,
Приволжский,Республика Мордовия,Темников,сухая,Республика Мордовия,,
Приволжский,Республика Татарстан,Агрыз,сухая,Республика Татарстан,,
Приволжский,Республика Татарстан,Азнакаево,сухая,Республика Татарстан,,
Приволжский,Республика Татарстан,Альметьевск,сухая,Республика Татарстан,,
Приволжский,Республика Татарстан,Арск,сухая,Республика Татарстан,,
Приволжский,Республика Татарстан,Бавлы,сухая,Республика Татарстан,,
Приволжский,Республика Татарстан,Болгар,сухая,Республика Татарстан,,
Приволжский,Республика Татарстан,Бугульма,сухая,Республика Татарстан,,
Приволжский,Республика Татарстан,Буинск,сухая,Республика Татарстан,,
Приволжский,Республика Татарстан,Елабуга,сухая,Республика Татарстан,,
Приволжский,Республика Татарстан,Заинск,сухая,Республика Татарстан,,
Приволжский,Республика Татарстан,Зеленодольск,сухая,Республика Татарстан,,
Приволжский,Республика Татарстан,Иннополис,сухая,Республика Татарстан,,
Приволжский,Республика Татарстан,Казань,сухая,Республика Татарстан,,
Приволжский,Республика Татарстан,Кукмор,сухая,Республика Татарстан,,
Приволжский,Республика Татарстан,Лаишево,сухая,Республика Татарстан,,
Приволжский,Республика Татарстан,Лениногорск,сухая,Республика Татарстан,,
Приволжский,Республика Татарстан,Мамадыш,сухая,Республика Татарстан,,
Приволжский,Республика Татарстан,Менделеевск,сухая,Республика Татарстан,,
Приволжский,Республика Татарстан,Мензелинск,сухая,Республика Татарстан,,
Приволжский,Республика Татарстан,Набережные Челны,сухая,Республика Татарстан,,
Приволжский,Республика Татарстан,Нижнекамск,сухая,Республика Татарстан,,
Приволжский,Республика Татарстан,Нурлат,сухая,Республика Татарстан,,
Приволжский,Республика Татарстан,Тетюши,сухая,Республика Татарстан,,
Приволжский,Республика Татарстан,Чистополь,сухая,Республика Татарстан,,
Приволжский,Самарская область,Жигулёвск,сухая,Самарская область,,
Приволжский,Самарская область,Кинель,сухая,Самарская область,,
Приволжский,Самарская область,Нефтегорск,сухая,Самарская область,,
Приволжский,Самарская область,Новокуйбышевск,сухая,Самарская область,,
Приволжский,Самарская область,Октябрьск,сухая,Самарская область,,
Приволжский,Самарская область,Отрадный,сухая,Самарская область,,
Приволжский,Самарская область,Похвистнево,сухая,Самарская область,,
Приволжский,Самарская область,Самара,сухая,Самарская область,,
Приволжский,Самарская область,Сызрань,сухая,Самарская область,,
Приволжский,Самарская область,Тольятти,сухая,Самарская область,,
Приволжский,Самарская область,Чапаевск,сухая,Самарская область,,
Приволжский,Саратовская область,Аркадак,сухая,Саратовская область,,
Приволжский,Саратовская область,Аткарск,сухая,Саратовская область,,
Приволжский,Саратовская область,Балаково,сухая,Саратовская область,,
Приволжский,Саратовская область,Балашов,сухая,Саратовская область,,
Приволжский,Саратовская область,Вольск,сухая,Саратовская область,,
Приволжский,Саратовская область,Ершов,сухая,Саратовская область,,
Приволжский,Саратовская область,Калининск,сухая,Саратовская область,,
Приволжский,Саратовская область,Красноармейск,сухая,Саратовская область,,
Приволжский,Саратовская область,Красный Кут,сухая,Саратовская область,,
Приволжский,Саратовская область,Маркс,сухая,Саратовская область,,
Приволжский,Саратовская область,Новоузенск,сухая,Саратовская область,,
Приволжский,Саратовская область,Петровск,сухая,Саратовская область,,
Приволжский,Саратовская область,Пугачёв,сухая,Саратовская область,,
Приволжский,Саратовская область,Ртищево,сухая,Саратовская область,,
Приволжский,Саратовская область,Саратов,сухая,Саратовская область,,
Приволжский,Саратовская область,Хвалынск,сухая,Саратовская область,,
Приволжский,Саратовская область,Шиханы,сухая,Саратовская область,,
Приволжский,Саратовская область,Энгельс,сухая,Саратовская область,,
Приволжский,Удмуртская Республика,Воткинск,сухая,Удмуртская Республика,,
Приволжский,Удмуртская Республика,Глазов,сухая,Удмуртская Республика,,
Приволжский,Удмуртская Республика,Ижевск,сухая,Удмуртская Республика,,
Приволжский,Удмуртская Республика,,сухая,Удмуртская Республика,,
Приволжский,Удмуртская Республика,Камбарка,сухая,Удмуртская Республика,,
Приволжский,Удмуртская Республика,Можга,сухая,Удмуртская Республика,,
Приволжский,Удмуртская Республика,Сарапул,сухая,Удмуртская Республика,,
Приволжский,Ульяновская область,Барыш,сухая,Ульяновская область,,
Приволжский,Ульяновская область,Димитровград,сухая,Ульяновская область,,
Приволжский,Ульяновская область,Инза,сухая,Ульяновская область,,
Приволжский,Ульяновская область,Новоульяновск,сухая,Ульяновская область,,
Приволжский,Ульяновская область,Сенгилей,сухая,Ульяновская область,,
Приволжский,Ульяновская область,Ульяновск,сухая,Ульяновская область,,
Приволжский,Чувашская Республика - Чувашия,Чебоксары,сухая,Чувашская Республика - Чувашия,,
Приволжский,Чувашская Республика - Чувашия,Новочебоксарск,сухая,Чувашская Республика - Чувашия,,
Приволжский,Чувашская Республика - Чувашия,Алатырь,сухая,Чувашская Республика - Чувашия,,
Приволжский,Чувашская Республика - Чувашия,Канаш,сухая,Чувашская Республика - Чувашия,,
Приволжский,Чувашская Республика - Чувашия,Козловка,сухая,Чувашская Республика - Чувашия,,
Приволжский,Чувашская Республика - Чувашия,Мариинский Посад,сухая,Чувашская Республика - Чувашия,,
Приволжский,Чувашская Республика - Чувашия,Цивильск,сухая,Чувашская Республика - Чувашия,,
Приволжский,Чувашская Республика - Чувашия,Шумерля,сухая,Чувашская Республика - Чувашия,,
Приволжский,Чувашская Республика - Чувашия,Ядрин,сухая,Чувашская Республика - Чувашия,,
Уральский,Ямало-Ненецкий автономный округ,Губкинский,нормальная,Ямало-Ненецкий автономный округ,,
Уральский,Ямало-Ненецкий автономный округ,Лабытнанги,нормальная,Ямало-Ненецкий автономный округ,,
Уральский,Ямало-Ненецкий автономный округ,Муравленко,нормальная,Ямало-Ненецкий автономный округ,,
Уральский,Ямало-Ненецкий автономный округ,Надым,нормальная,Ямало-Ненецкий автономный округ,,
Уральский,Ямало-Ненецкий автономный округ,Новый Уренгой,нормальная,Ямало-Ненецкий автономный округ,,
Уральский,Ямало-Ненецкий автономный округ,Ноябрьск,нормальная,Ямало-Ненецкий автономный округ,,
Уральский,Ямало-Ненецкий автономный округ,Салехард,нормальная,Ямало-Ненецкий автономный округ,,
Уральский,Ямало-Ненецкий автономный округ,Тарко-Сале,нормальная,Ямало-Ненецкий автономный округ,,
Уральский,Ханты-Мансийский автономный округ,Белоярский,нормальная,Ханты-Мансийский автономный округ - Югра,,
Уральский,Ханты-Мансийский автономный округ,Когалым,нормальная,Ханты-Мансийский автономный округ - Югра,,
Уральский,Ханты-Мансийский автономный округ,Лангепас,нормальная,Ханты-Мансийский автономный округ - Югра,,
Уральский,Ханты-Мансийский автономный округ,Лянтор,нормальная,Ханты-Мансийский автономный округ - Югра,,
Уральский,Ханты-Мансийский автономный округ,Мегион,нормальная,Ханты-Мансийский автономный округ - Югра,,
Уральский,Ханты-Мансийский автономный округ,Нефтеюганск,нормальная,Ханты-Мансийский автономный округ - Югра,,
Уральский,Ханты-Мансийский автономный округ,Нижневартовск,нормальная,Ханты-Мансийский автономный округ - Югра,,
Уральский,Ханты-Мансийский автономный округ,Нягань,нормальная,Ханты-Мансийский автономный округ - Югра,,
Уральский,Ханты-Мансийский автономный округ,Покачи,нормальная,Ханты-Мансийский автономный округ - Югра,,
Уральский,Ханты-Мансийский автономный округ,Пыть-Ях,нормальная,Ханты-Мансийский автономный округ - Югра,,
Уральский,Ханты-Мансийский автономный округ,Радужный,нормальная,Ханты-Мансийский автономный округ - Югра,,
Уральский,Ханты-Мансийский автономный округ,Советский,нормальная,Ханты-Мансийский автономный округ - Югра,,
Уральский,Ханты-Мансийский автономный округ,Сургут,нормальная,Ханты-Мансийский автономный округ - Югра,,
Уральский,Ханты-Мансийский автономный округ,Урай,нормальная,Ханты-Мансийский автономный округ - Югра,,
Уральский,Ханты-Мансийский автономный округ,Ханты-Мансийск,нормальная,Ханты-Мансийский автономный округ - Югра,,
Уральский,Ханты-Мансийский автономный округ,Югорск,нормальная,Ханты-Мансийский автономный округ - Югра,,
Уральский,Челябинская область,Аша,сухая,Челябинская область,,
Уральский,Челябинская область,Бакал,сухая,Челябинская область,,
Уральский,Челябинская область,Верхнеуральск,сухая,Челябинская область,,
Уральский,Челябинская область,Верхний Уфалей,сухая,Челябинская область,,
Уральский,Челябинская область,Еманжелинск,сухая,Челябинская область,,
Уральский,Челябинская область,Златоуст,сухая,Челябинская область,,
Уральский,Челябинская область,Карабаш,сухая,Челябинская область,,
Уральский,Челябинская область,Карталы,сухая,Челябинская область,,
Уральский,Челябинская область,Касли,сухая,Челябинская область,,
Уральский,Челябинская область,Катав-Ивановск,сухая,Челябинская область,,
Уральский,Челябинская область,Копейск,сухая,Челябинская область,,
Уральский,Челябинская область,Коркино,сухая,Челябинская область,,
Уральский,Челябинская область,Куса,сухая,Челябинская область,,
Уральский,Челябинская область,Кыштым,сухая,Челябинская область,,
Уральский,Челябинская область,Магнитогорск,сухая,Челябинская область,,
Уральский,Челябинская область,Миасс,сухая,Челябинская область,,
Уральский,Челябинская область,Миньяр,сухая,Челябинская область,,
Уральский,Челябинская область,Нязепетровск,сухая,Челябинская область,,
Уральский,Челябинская область,Озёрск,сухая,Челябинская область,,
Уральский,Челябинская область,Пласт,сухая,Челябинская область,,
Уральский,Челябинская область,Сатка,сухая,Челябинская область,,
Уральский,Челябинская область,Сим,сухая,Челябинская область,,
Уральский,Челябинская область,Снежинск,сухая,Челябинская область,,
Уральский,Челябинская область,Трёхгорный,сухая,Челябинская область,,
Уральский,Челябинская область,Троицк,сухая,Челябинская область,,
Уральский,Челябинская область,Усть-Катав,сухая,Челябинская область,,
Уральский,Челябинская область,Чебаркуль,сухая,Челябинская область,,
Уральский,Челябинская область,Челябинск,сухая,Челябинская область,,
Уральский,Челябинская область,Южноуральск,сухая,Челябинская область,,
Уральский,Челябинская область,Юрюзань,сухая,Челябинская область,,
Уральский,Тюменская область,Заводоуковск,сухая,Тюменская область (без ХМАО и ЯНАО),,
Уральский,Тюменская область,Ишим,сухая,Тюменская область (без ХМАО и ЯНАО),,
Уральский,Тюменская область,Тобольск,сухая,Тюменская область (без ХМАО и ЯНАО),,
Уральский,Тюменская область,Тюмень,сухая,Тюменская область (без ХМАО и ЯНАО),,
Уральский,Тюменская область,Ялуторовск,сухая,Тюменская область (без ХМАО и ЯНАО),,
Уральский,Свердловская область,Екатеринбург,сухая,Свердловская область,,
Уральский,Свердловская область,Алапаевск,сухая,Свердловская область,,
Уральский,Свердловская область,Арамиль,сухая,Свердловская область,,
Уральский,Свердловская область,Артёмовский,сухая,Свердловская область,,
Уральский,Свердловская область,Асбест,сухая,Свердловская область,,
Уральский,Свердловская область,Берёзовский,сухая,Свердловская область,,
Уральский,Свердловская область,Богданович,сухая,Свердловская область,,
Уральский,Свердловская область,Верхний Тагил,сухая,Свердловская область,,
Уральский,Свердловская область,Верхняя Пышма,сухая,Свердловская область,,
Уральский,Свердловская область,Верхняя Салда,сухая,Свердловская область,,
Уральский,Свердловская область,Верхняя Тура,сухая,Свердловская область,,
Уральский,Свердловская область,Верхотурье,сухая,Свердловская область,,
Уральский,Свердловская область,Волчанск,сухая,Свердловская область,,
Уральский,Свердловская область,Дегтярск,сухая,Свердловская область,,
Уральский,Свердловская область,Заречный,сухая,Свердловская область,,
Уральский,Свердловская область,Ивдель,сухая,Свердловская область,,
Уральский,Свердловская область,Ирбит,сухая,Свердловская область,,
Уральский,Свердловская область,Каменск-Уральский,сухая,Свердловская область,,
Уральский,Свердловская область,Камышлов,сухая,Свердловская область,,
Уральский,Свердловская область,Карпинск,сухая,Свердловская область,,
Уральский,Свердловская область,Качканар,сухая,Свердловская область,,
Уральский,Свердловская область,Кировград,сухая,Свердловская область,,
Уральский,Свердловская область,Краснотурьинск,сухая,Свердловская область,,
Уральский,Свердловская область,Красноуральск,сухая,Свердловская область,,
Уральский,Свердловская область,Красноуфимск,сухая,Свердловская область,,
Уральский,Свердловская область,Кушва,сухая,Свердловская область,,
Уральский,Свердловская область,Лесной,сухая,Свердловская область,,
Уральский,Свердловская область,Михайловск,сухая,Свердловская область,,
Уральский,Свердловская область,Невьянск,сухая,Свердловская область,,
Уральский,Свердловская область,Нижние Серги,сухая,Свердловская область,,
Уральский,Свердловская область,Нижний Тагил,сухая,Свердловская область,,
Уральский,Свердловская область,Нижняя Салда,сухая,Свердловская область,,
Уральский,Свердловская область,Нижняя Тура,сухая,Свердловская область,,
Уральский,Свердловская область,Новая Ляля,сухая,Свердловская область,,
Уральский,Свердловская область,Новоуральск,сухая,Свердловская область,,
Уральский,Свердловская область,Первоуральск,сухая,Свердловская область,,
Уральский,Свердловская область,Полевской,сухая,Свердловская область,,
Уральский,Свердловская область,Ревда,сухая,Свердловская область,,
Уральский,Свердловская область,Реж,сухая,Свердловская область,,
Уральский,Свердловская область,Североуральск,сухая,Свердловская область,,
Уральский,Свердловская область,Серов,сухая,Свердловская область,,
Уральский,Свердловская область,Среднеуральск,сухая,Свердловская область,,
Уральский,Свердловская область,Сухой Лог,сухая,Свердловская область,,
Уральский,Свердловская область,Сысерть,сухая,Свердловская область,,
Уральский,Свердловская область,Тавда,сухая,Свердловская область,,
Уральский,Свердловская область,Талица,сухая,Свердловская область,,
Уральский,Свердловская область,Туринск,сухая,Свердловская область,,
Уральский,Курганская область,Далматово,сухая,Курганская область,,
Уральский,Курганская область,Катайск,сухая,Курганская область,,
Уральский,Курганская область,Курган,сухая,Курганская область,,
Уральский,Курганская область,Куртамыш,сухая,Курганская область,,
Уральский,Курганская область,Макушино,сухая,Курганская область,,
Уральский,Курганская область,Петухово,сухая,Курганская область,,
Уральский,Курганская область,Шадринск,сухая,Курганская область,,
Уральский,Курганская область,Шумиха,сухая,Курганская область,,
Уральский,Курганская область,Щучье,сухая,Курганская область,,